code,name
WOGVQ11IR6526,Coupon for 3 month prime for HoneymoonIQ - Ref Sunny Arya
TL73J11IR6619,Coupon for 3 month prime for HoneymoonIQ - Ref Sunny Arya
2HXXL11IR6721,Coupon for 3 month prime for HoneymoonIQ - Ref Sunny Arya
VDVZ111IR6801,Coupon for 3 month prime for HoneymoonIQ - Ref Sunny Arya
ZJHIT11IR6929,Coupon for 3 month prime for HoneymoonIQ - Ref Sunny Arya
7HD4A11IR6A10,Coupon for 3 month prime for HoneymoonIQ - Ref Sunny Arya
QLF2U11IR6B30,Coupon for 3 month prime for HoneymoonIQ - Ref Sunny Arya
PO1X911IR6C09,Coupon for 3 month prime for HoneymoonIQ - Ref Sunny Arya
718VD11IR6D13,Coupon for 3 month prime for HoneymoonIQ - Ref Sunny Arya
VZ26F11IR6E15,Coupon for 3 month prime for HoneymoonIQ - Ref Sunny Arya
7M5MC11IR6F12,Coupon for 3 month prime for HoneymoonIQ - Ref Sunny Arya
LOB6U11IR6G30,Coupon for 3 month prime for HoneymoonIQ - Ref Sunny Arya
CTS8L11IR6H21,Coupon for 3 month prime for HoneymoonIQ - Ref Sunny Arya
WGATW11IR6I32,Coupon for 3 month prime for HoneymoonIQ - Ref Sunny Arya
T4Y1511IR6J05,Coupon for 3 month prime for HoneymoonIQ - Ref Sunny Arya
E46AL11IR6K21,Coupon for 3 month prime for HoneymoonIQ - Ref Sunny Arya
SY2AX11IR6L33,Coupon for 3 month prime for HoneymoonIQ - Ref Sunny Arya
G9OB611IR6M06,Coupon for 3 month prime for HoneymoonIQ - Ref Sunny Arya
R1KGB11IR6N11,Coupon for 3 month prime for HoneymoonIQ - Ref Sunny Arya
XF1P211IR6O02,Coupon for 3 month prime for HoneymoonIQ - Ref Sunny Arya
YEP2Z11IR6P35,Coupon for 3 month prime for HoneymoonIQ - Ref Sunny Arya
IBN4D11IR6Q13,Coupon for 3 month prime for HoneymoonIQ - Ref Sunny Arya
6L2DC11IR6R12,Coupon for 3 month prime for HoneymoonIQ - Ref Sunny Arya
A5NH611IR6S06,Coupon for 3 month prime for HoneymoonIQ - Ref Sunny Arya
7AH6C11IR6T12,Coupon for 3 month prime for HoneymoonIQ - Ref Sunny Arya
RLBJF11IR6U15,Coupon for 3 month prime for HoneymoonIQ - Ref Sunny Arya
8QLHB11IR6V11,Coupon for 3 month prime for HoneymoonIQ - Ref Sunny Arya
W8CKK11IR6W20,Coupon for 3 month prime for HoneymoonIQ - Ref Sunny Arya
S1JCP11IR6X25,Coupon for 3 month prime for HoneymoonIQ - Ref Sunny Arya
7SZA611IR6Y06,Coupon for 3 month prime for HoneymoonIQ - Ref Sunny Arya
T8GBW11IR6Z32,Coupon for 3 month prime for HoneymoonIQ - Ref Sunny Arya
DQEGS11IR7028,Coupon for 3 month prime for HoneymoonIQ - Ref Sunny Arya
BWAH811IR7108,Coupon for 3 month prime for HoneymoonIQ - Ref Sunny Arya
IHK5V11IR7231,Coupon for 3 month prime for HoneymoonIQ - Ref Sunny Arya
M7VJS11IR7328,Coupon for 3 month prime for HoneymoonIQ - Ref Sunny Arya
Y94J111IR7401,Coupon for 3 month prime for HoneymoonIQ - Ref Sunny Arya
C7S3U11IR7530,Coupon for 3 month prime for HoneymoonIQ - Ref Sunny Arya
NFWZX11IR7633,Coupon for 3 month prime for HoneymoonIQ - Ref Sunny Arya
H8IIR11IR7727,Coupon for 3 month prime for HoneymoonIQ - Ref Sunny Arya
0LIL311IR7803,Coupon for 3 month prime for HoneymoonIQ - Ref Sunny Arya
HS7IK11IR7920,Coupon for 3 month prime for HoneymoonIQ - Ref Sunny Arya
YXID211IR7A02,Coupon for 3 month prime for HoneymoonIQ - Ref Sunny Arya
1OZN111IR7B01,Coupon for 3 month prime for HoneymoonIQ - Ref Sunny Arya
YFYA711IR7C07,Coupon for 3 month prime for HoneymoonIQ - Ref Sunny Arya
YWEVZ11IR7D35,Coupon for 3 month prime for HoneymoonIQ - Ref Sunny Arya
ZO6NC11IR7E12,Coupon for 3 month prime for HoneymoonIQ - Ref Sunny Arya
H2Q3111IR7F01,Coupon for 3 month prime for HoneymoonIQ - Ref Sunny Arya
NV6Y011IR7G00,Coupon for 3 month prime for HoneymoonIQ - Ref Sunny Arya
X89AC11IR7H12,Coupon for 3 month prime for HoneymoonIQ - Ref Sunny Arya
I8E1Q11IR7I26,Coupon for 3 month prime for HoneymoonIQ - Ref Sunny Arya
BZQFP11IR7J25,Coupon for 3 month prime for HoneymoonIQ - Ref Sunny Arya
W4NNZ11IR7K35,Coupon for 3 month prime for HoneymoonIQ - Ref Sunny Arya
O7SY411IR7L04,Coupon for 3 month prime for HoneymoonIQ - Ref Sunny Arya
K5UGD11IR7M13,Coupon for 3 month prime for HoneymoonIQ - Ref Sunny Arya
9YOB611IR7N06,Coupon for 3 month prime for HoneymoonIQ - Ref Sunny Arya
QSIWO11IR7O24,Coupon for 3 month prime for HoneymoonIQ - Ref Sunny Arya
DJBN311IR7P03,Coupon for 3 month prime for HoneymoonIQ - Ref Sunny Arya
9SSBX11IR7Q33,Coupon for 3 month prime for HoneymoonIQ - Ref Sunny Arya
H8KSY11IR7R34,Coupon for 3 month prime for HoneymoonIQ - Ref Sunny Arya
6S53S11IR7S28,Coupon for 3 month prime for HoneymoonIQ - Ref Sunny Arya
C1ZJG11IR7T16,Coupon for 3 month prime for HoneymoonIQ - Ref Sunny Arya
AT0B711IR7U07,Coupon for 3 month prime for HoneymoonIQ - Ref Sunny Arya
VF8OC11IR7V12,Coupon for 3 month prime for HoneymoonIQ - Ref Sunny Arya
FSEDE11IR7W14,Coupon for 3 month prime for HoneymoonIQ - Ref Sunny Arya
J8CO211IR7X02,Coupon for 3 month prime for HoneymoonIQ - Ref Sunny Arya
0P35711IR7Y07,Coupon for 3 month prime for HoneymoonIQ - Ref Sunny Arya
BLSWV11IR7Z31,Coupon for 3 month prime for HoneymoonIQ - Ref Sunny Arya
DW5S811IR8008,Coupon for 3 month prime for HoneymoonIQ - Ref Sunny Arya
JPLJP11IR8125,Coupon for 3 month prime for HoneymoonIQ - Ref Sunny Arya
LJNBC11IR8212,Coupon for 3 month prime for HoneymoonIQ - Ref Sunny Arya
IALRU11IR8330,Coupon for 3 month prime for HoneymoonIQ - Ref Sunny Arya
L6WOE11IR8414,Coupon for 3 month prime for HoneymoonIQ - Ref Sunny Arya
OXBG111IR8501,Coupon for 3 month prime for HoneymoonIQ - Ref Sunny Arya
OXFX511IR8605,Coupon for 3 month prime for HoneymoonIQ - Ref Sunny Arya
QX4ME11IR8714,Coupon for 3 month prime for HoneymoonIQ - Ref Sunny Arya
TNG3V11IR8831,Coupon for 3 month prime for HoneymoonIQ - Ref Sunny Arya
RX4IX11IR8933,Coupon for 3 month prime for HoneymoonIQ - Ref Sunny Arya
VBO3611IR8A06,Coupon for 3 month prime for HoneymoonIQ - Ref Sunny Arya
F9SUL11IR8B21,Coupon for 3 month prime for HoneymoonIQ - Ref Sunny Arya
5QUUE11IR8C14,Coupon for 3 month prime for HoneymoonIQ - Ref Sunny Arya
5D1W211IR8D02,Coupon for 3 month prime for HoneymoonIQ - Ref Sunny Arya
EHVPO11IR8E24,Coupon for 3 month prime for HoneymoonIQ - Ref Sunny Arya
W9CMT11IR8F29,Coupon for 3 month prime for HoneymoonIQ - Ref Sunny Arya
Z7S3T11IR8G29,Coupon for 3 month prime for HoneymoonIQ - Ref Sunny Arya
IUF7L11IR8H21,Coupon for 3 month prime for HoneymoonIQ - Ref Sunny Arya
15D1V11IR8I31,Coupon for 3 month prime for HoneymoonIQ - Ref Sunny Arya
YV62I11IR8J18,Coupon for 3 month prime for HoneymoonIQ - Ref Sunny Arya
3NMXJ11IR8K19,Coupon for 3 month prime for HoneymoonIQ - Ref Sunny Arya
L2B2311IR8L03,Coupon for 3 month prime for HoneymoonIQ - Ref Sunny Arya
1P0SJ11IR8M19,Coupon for 3 month prime for HoneymoonIQ - Ref Sunny Arya
09ZW911IR8N09,Coupon for 3 month prime for HoneymoonIQ - Ref Sunny Arya
DP5E711IR8O07,Coupon for 3 month prime for HoneymoonIQ - Ref Sunny Arya
NA6WL11IR8P21,Coupon for 3 month prime for HoneymoonIQ - Ref Sunny Arya
01UVK11IR8Q20,Coupon for 3 month prime for HoneymoonIQ - Ref Sunny Arya
XO92811IR8R08,Coupon for 3 month prime for HoneymoonIQ - Ref Sunny Arya
SVQTL11IR8S21,Coupon for 3 month prime for HoneymoonIQ - Ref Sunny Arya
5UINI11IR8T18,Coupon for 3 month prime for HoneymoonIQ - Ref Sunny Arya
BPDGW11IR8U32,Coupon for 3 month prime for HoneymoonIQ - Ref Sunny Arya
U68AG11IR8V16,Coupon for 3 month prime for HoneymoonIQ - Ref Sunny Arya
53TGI11IR8W18,Coupon for 3 month prime for HoneymoonIQ - Ref Sunny Arya